--
-- PostgreSQL database dump
--

SET statement_timeout = 0;
SET client_encoding = 'UTF8';
SET standard_conforming_strings = on;
SET check_function_bodies = false;
SET client_min_messages = warning;

--
-- Name: plpgsql; Type: EXTENSION; Schema: -; Owner: 
--

CREATE EXTENSION IF NOT EXISTS plpgsql WITH SCHEMA pg_catalog;


--
-- Name: EXTENSION plpgsql; Type: COMMENT; Schema: -; Owner: 
--

COMMENT ON EXTENSION plpgsql IS 'PL/pgSQL procedural language';


--
-- Name: uuid-ossp; Type: EXTENSION; Schema: -; Owner: 
--

CREATE EXTENSION IF NOT EXISTS "uuid-ossp" WITH SCHEMA public;


--
-- Name: EXTENSION "uuid-ossp"; Type: COMMENT; Schema: -; Owner: 
--

COMMENT ON EXTENSION "uuid-ossp" IS 'generate universally unique identifiers (UUIDs)';


SET search_path = public, pg_catalog;

--
-- Name: rebuilt_sequences(); Type: FUNCTION; Schema: public; Owner: idelibre
--

CREATE FUNCTION rebuilt_sequences() RETURNS integer
    LANGUAGE plpgsql
    AS $$
  DECLARE sequencedefs RECORD; c integer ;
  BEGIN
    FOR sequencedefs IN Select
      constraint_column_usage.table_name as tablename,
      constraint_column_usage.table_name as tablename,
      constraint_column_usage.column_name as columnname,
      replace(replace(columns.column_default,'''::regclass)',''),'nextval(''','') as sequencename
      from information_schema.constraint_column_usage, information_schema.columns
      where constraint_column_usage.table_schema ='public' AND
      columns.table_schema = 'public' AND columns.table_name=constraint_column_usage.table_name
      AND constraint_column_usage.column_name = columns.column_name
      AND columns.column_default is not null
   LOOP
      EXECUTE 'select max('||sequencedefs.columnname||') from ' || sequencedefs.tablename INTO c;
      IF c is null THEN c = 0; END IF;
      IF c is not null THEN c = c+ 1; END IF;
      EXECUTE 'alter sequence ' || sequencedefs.sequencename ||' restart  with ' || c;
   END LOOP;

   RETURN 1; END;
$$;


ALTER FUNCTION public.rebuilt_sequences() OWNER TO idelibre;

SET default_tablespace = '';

SET default_with_oids = false;

--
-- Name: acos; Type: TABLE; Schema: public; Owner: idelibre; Tablespace: 
--

CREATE TABLE acos (
    id integer NOT NULL,
    parent_id integer,
    model character varying(255) DEFAULT NULL::character varying,
    alias character varying(255) DEFAULT NULL::character varying,
    lft integer,
    rght integer,
    foreign_key uuid
);


ALTER TABLE public.acos OWNER TO idelibre;

--
-- Name: TABLE acos; Type: COMMENT; Schema: public; Owner: idelibre
--

COMMENT ON TABLE acos IS 'Gestion des ACL (CakePHP) - ressources';


--
-- Name: acos_id_seq; Type: SEQUENCE; Schema: public; Owner: idelibre
--

CREATE SEQUENCE acos_id_seq
    START WITH 1
    INCREMENT BY 1
    NO MINVALUE
    NO MAXVALUE
    CACHE 1;


ALTER TABLE public.acos_id_seq OWNER TO idelibre;

--
-- Name: acos_id_seq; Type: SEQUENCE OWNED BY; Schema: public; Owner: idelibre
--

ALTER SEQUENCE acos_id_seq OWNED BY acos.id;


--
-- Name: annexes; Type: TABLE; Schema: public; Owner: idelibre; Tablespace: 
--

CREATE TABLE annexes (
    id uuid DEFAULT uuid_generate_v4() NOT NULL,
    name character varying(500) NOT NULL,
    size integer DEFAULT 0 NOT NULL,
    type character varying(255) NOT NULL,
    content bytea,
    created timestamp without time zone,
    modified timestamp without time zone,
    projet_id uuid,
    checksum character varying(32),
    rank integer DEFAULT 0 NOT NULL
);


ALTER TABLE public.annexes OWNER TO idelibre;

--
-- Name: TABLE annexes; Type: COMMENT; Schema: public; Owner: idelibre
--

COMMENT ON TABLE annexes IS 'Gestion des annexes de projets de délibérations (pièces jointes)';


--
-- Name: annotactions; Type: TABLE; Schema: public; Owner: idelibre; Tablespace: 
--

CREATE TABLE annotactions (
    id uuid DEFAULT uuid_generate_v4() NOT NULL,
    deltarevision_id uuid,
    created timestamp without time zone,
    modified timestamp without time zone,
    type character varying(1),
    annotation_id character varying(100),
    CONSTRAINT annotactions_type_in_chk CHECK (((type)::text = ANY (ARRAY[('C'::character varying)::text, ('U'::character varying)::text, ('D'::character varying)::text])))
);


ALTER TABLE public.annotactions OWNER TO idelibre;

--
-- Name: annotations; Type: TABLE; Schema: public; Owner: idelibre; Tablespace: 
--

CREATE TABLE annotations (
    id uuid DEFAULT uuid_generate_v4() NOT NULL,
    annot_client_id uuid,
    imgpage_id uuid NOT NULL,
    content bytea NOT NULL,
    created timestamp without time zone,
    modified timestamp without time zone,
    user_id uuid NOT NULL,
    shared boolean DEFAULT false NOT NULL,
    rank integer DEFAULT 0 NOT NULL,
    date timestamp without time zone,
    date_modif timestamp without time zone,
    height character varying(20),
    width character varying(20),
    x character varying(20),
    y character varying(20),
    comment character varying(255)
);


ALTER TABLE public.annotations OWNER TO idelibre;

--
-- Name: annotations_users; Type: TABLE; Schema: public; Owner: idelibre; Tablespace: 
--

CREATE TABLE annotations_users (
    id uuid DEFAULT uuid_generate_v4() NOT NULL,
    user_id uuid NOT NULL,
    created timestamp without time zone,
    modified timestamp without time zone,
    annotation_id uuid NOT NULL,
    read boolean DEFAULT false NOT NULL
);


ALTER TABLE public.annotations_users OWNER TO idelibre;

--
-- Name: annots; Type: TABLE; Schema: public; Owner: postgres; Tablespace: 
--

CREATE TABLE annots (
    id bigint NOT NULL,
    projet_id uuid NOT NULL,
    liste_partage character varying(10000),
    json character varying(100000) NOT NULL
);


ALTER TABLE public.annots OWNER TO postgres;

--
-- Name: annots_users; Type: TABLE; Schema: public; Owner: postgres; Tablespace: 
--

CREATE TABLE annots_users (
    id integer NOT NULL,
    user_id uuid NOT NULL,
    annot_id bigint NOT NULL
);


ALTER TABLE public.annots_users OWNER TO postgres;

--
-- Name: annots_users_id_seq; Type: SEQUENCE; Schema: public; Owner: postgres
--

CREATE SEQUENCE annots_users_id_seq
    START WITH 1
    INCREMENT BY 1
    NO MINVALUE
    NO MAXVALUE
    CACHE 1;


ALTER TABLE public.annots_users_id_seq OWNER TO postgres;

--
-- Name: annots_users_id_seq; Type: SEQUENCE OWNED BY; Schema: public; Owner: postgres
--

ALTER SEQUENCE annots_users_id_seq OWNED BY annots_users.id;


--
-- Name: aros; Type: TABLE; Schema: public; Owner: idelibre; Tablespace: 
--

CREATE TABLE aros (
    id integer NOT NULL,
    parent_id integer,
    model character varying(255) DEFAULT NULL::character varying,
    alias character varying(255) DEFAULT NULL::character varying,
    lft integer,
    rght integer,
    foreign_key uuid
);


ALTER TABLE public.aros OWNER TO idelibre;

--
-- Name: TABLE aros; Type: COMMENT; Schema: public; Owner: idelibre
--

COMMENT ON TABLE aros IS 'Gestion des ACL (CakePHP) - demandeurs';


--
-- Name: aros_acos; Type: TABLE; Schema: public; Owner: idelibre; Tablespace: 
--

CREATE TABLE aros_acos (
    id integer NOT NULL,
    aro_id integer NOT NULL,
    aco_id integer NOT NULL,
    _create character varying(2) DEFAULT '0'::character varying NOT NULL,
    _read character varying(2) DEFAULT '0'::character varying NOT NULL,
    _update character varying(2) DEFAULT '0'::character varying NOT NULL,
    _delete character varying(2) DEFAULT '0'::character varying NOT NULL
);


ALTER TABLE public.aros_acos OWNER TO idelibre;

--
-- Name: TABLE aros_acos; Type: COMMENT; Schema: public; Owner: idelibre
--

COMMENT ON TABLE aros_acos IS 'Gestion des ACL (CakePHP) - liaisons demandeurs / ressources';


--
-- Name: aros_acos_id_seq; Type: SEQUENCE; Schema: public; Owner: idelibre
--

CREATE SEQUENCE aros_acos_id_seq
    START WITH 1
    INCREMENT BY 1
    NO MINVALUE
    NO MAXVALUE
    CACHE 1;


ALTER TABLE public.aros_acos_id_seq OWNER TO idelibre;

--
-- Name: aros_acos_id_seq; Type: SEQUENCE OWNED BY; Schema: public; Owner: idelibre
--

ALTER SEQUENCE aros_acos_id_seq OWNED BY aros_acos.id;


--
-- Name: aros_id_seq; Type: SEQUENCE; Schema: public; Owner: idelibre
--

CREATE SEQUENCE aros_id_seq
    START WITH 1
    INCREMENT BY 1
    NO MINVALUE
    NO MAXVALUE
    CACHE 1;


ALTER TABLE public.aros_id_seq OWNER TO idelibre;

--
-- Name: aros_id_seq; Type: SEQUENCE OWNED BY; Schema: public; Owner: idelibre
--

ALTER SEQUENCE aros_id_seq OWNED BY aros.id;


--
-- Name: convocations; Type: TABLE; Schema: public; Owner: idelibre; Tablespace: 
--

CREATE TABLE convocations (
    id uuid DEFAULT uuid_generate_v4() NOT NULL,
    seance_id uuid NOT NULL,
    user_id uuid NOT NULL,
    read boolean DEFAULT false NOT NULL,
    presence boolean DEFAULT true NOT NULL,
    delegation boolean DEFAULT false NOT NULL,
    procuration boolean DEFAULT false NOT NULL,
    created timestamp without time zone,
    modified timestamp without time zone,
    ar_horodatage timestamp without time zone,
    active boolean DEFAULT false NOT NULL,
    ar_horodatage_file bytea,
    ar_horodatage_token bytea,
    ar_received timestamp without time zone,
    ae_sent timestamp without time zone,
    ae_horodatage timestamp without time zone,
    ae_horodatage_file bytea,
    ae_horodatage_token bytea
);


ALTER TABLE public.convocations OWNER TO idelibre;

--
-- Name: TABLE convocations; Type: COMMENT; Schema: public; Owner: idelibre
--

COMMENT ON TABLE convocations IS 'Gestion des convocations';


--
-- Name: deltarevisions; Type: TABLE; Schema: public; Owner: idelibre; Tablespace: 
--

CREATE TABLE deltarevisions (
    id uuid DEFAULT uuid_generate_v4() NOT NULL,
    num integer NOT NULL,
    delta bytea NOT NULL,
    created timestamp without time zone,
    modified timestamp without time zone,
    user_id uuid NOT NULL
);


ALTER TABLE public.deltarevisions OWNER TO idelibre;

--
-- Name: deltarevisions_num_seq; Type: SEQUENCE; Schema: public; Owner: idelibre
--

CREATE SEQUENCE deltarevisions_num_seq
    START WITH 1
    INCREMENT BY 1
    NO MINVALUE
    NO MAXVALUE
    CACHE 1;


ALTER TABLE public.deltarevisions_num_seq OWNER TO idelibre;

--
-- Name: deltarevisions_num_seq; Type: SEQUENCE OWNED BY; Schema: public; Owner: idelibre
--

ALTER SEQUENCE deltarevisions_num_seq OWNED BY deltarevisions.num;


--
-- Name: documents; Type: TABLE; Schema: public; Owner: idelibre; Tablespace: 
--

CREATE TABLE documents (
    id uuid DEFAULT uuid_generate_v4() NOT NULL,
    name character varying(255) NOT NULL,
    size integer DEFAULT 0 NOT NULL,
    type character varying(255) NOT NULL,
    content bytea,
    created timestamp without time zone,
    modified timestamp without time zone,
    checksum character varying(32)
);


ALTER TABLE public.documents OWNER TO idelibre;

--
-- Name: TABLE documents; Type: COMMENT; Schema: public; Owner: idelibre
--

COMMENT ON TABLE documents IS 'Gestion des documents';


--
-- Name: emailconvocations; Type: TABLE; Schema: public; Owner: postgres; Tablespace: 
--

CREATE TABLE emailconvocations (
    id integer NOT NULL,
    sujet character varying(200) NOT NULL,
    contenu character varying(2000) NOT NULL
);


ALTER TABLE public.emailconvocations OWNER TO postgres;

--
-- Name: emailconvocations_id_seq; Type: SEQUENCE; Schema: public; Owner: postgres
--

CREATE SEQUENCE emailconvocations_id_seq
    START WITH 1
    INCREMENT BY 1
    NO MINVALUE
    NO MAXVALUE
    CACHE 1;


ALTER TABLE public.emailconvocations_id_seq OWNER TO postgres;

--
-- Name: emailconvocations_id_seq; Type: SEQUENCE OWNED BY; Schema: public; Owner: postgres
--

ALTER SEQUENCE emailconvocations_id_seq OWNED BY emailconvocations.id;


--
-- Name: groupepolitiques; Type: TABLE; Schema: public; Owner: postgres; Tablespace: 
--

CREATE TABLE groupepolitiques (
    id integer NOT NULL,
    name character varying(128) NOT NULL
);


ALTER TABLE public.groupepolitiques OWNER TO postgres;

--
-- Name: groupepolitiques_id_seq; Type: SEQUENCE; Schema: public; Owner: postgres
--

CREATE SEQUENCE groupepolitiques_id_seq
    START WITH 1
    INCREMENT BY 1
    NO MINVALUE
    NO MAXVALUE
    CACHE 1;


ALTER TABLE public.groupepolitiques_id_seq OWNER TO postgres;

--
-- Name: groupepolitiques_id_seq; Type: SEQUENCE OWNED BY; Schema: public; Owner: postgres
--

ALTER SEQUENCE groupepolitiques_id_seq OWNED BY groupepolitiques.id;


--
-- Name: groups; Type: TABLE; Schema: public; Owner: idelibre; Tablespace: 
--

CREATE TABLE groups (
    id uuid DEFAULT uuid_generate_v4() NOT NULL,
    name character varying(255) NOT NULL,
    created timestamp without time zone,
    modified timestamp without time zone,
    admin boolean DEFAULT false NOT NULL,
    inseance boolean DEFAULT false,
    superuser boolean DEFAULT false,
    baseuser boolean DEFAULT true
);


ALTER TABLE public.groups OWNER TO idelibre;

--
-- Name: TABLE groups; Type: COMMENT; Schema: public; Owner: idelibre
--

COMMENT ON TABLE groups IS 'Gestion des groupes';


--
-- Name: imgpages; Type: TABLE; Schema: public; Owner: idelibre; Tablespace: 
--

CREATE TABLE imgpages (
    id uuid DEFAULT uuid_generate_v4() NOT NULL,
    name character varying(255) NOT NULL,
    size integer DEFAULT 0 NOT NULL,
    type character varying(255) NOT NULL,
    content bytea,
    imgpagenum integer DEFAULT 0 NOT NULL,
    document_id uuid NOT NULL,
    created timestamp without time zone,
    modified timestamp without time zone,
    checksum character varying(32)
);


ALTER TABLE public.imgpages OWNER TO idelibre;

--
-- Name: TABLE imgpages; Type: COMMENT; Schema: public; Owner: idelibre
--

COMMENT ON TABLE imgpages IS 'Gestion des pages des documents à annoter';


--
-- Name: logacteurs; Type: TABLE; Schema: public; Owner: postgres; Tablespace: 
--

CREATE TABLE logacteurs (
    id integer NOT NULL,
    user_id uuid,
    created timestamp without time zone
);


ALTER TABLE public.logacteurs OWNER TO postgres;

--
-- Name: logacteurs_id_seq; Type: SEQUENCE; Schema: public; Owner: postgres
--

CREATE SEQUENCE logacteurs_id_seq
    START WITH 1
    INCREMENT BY 1
    NO MINVALUE
    NO MAXVALUE
    CACHE 1;


ALTER TABLE public.logacteurs_id_seq OWNER TO postgres;

--
-- Name: logacteurs_id_seq; Type: SEQUENCE OWNED BY; Schema: public; Owner: postgres
--

ALTER SEQUENCE logacteurs_id_seq OWNED BY logacteurs.id;


--
-- Name: pdfdatas; Type: TABLE; Schema: public; Owner: postgres; Tablespace: 
--

CREATE TABLE pdfdatas (
    id uuid DEFAULT uuid_generate_v4() NOT NULL,
    document_id uuid,
    data bytea,
    part integer
);


ALTER TABLE public.pdfdatas OWNER TO postgres;

--
-- Name: projets; Type: TABLE; Schema: public; Owner: idelibre; Tablespace: 
--

CREATE TABLE projets (
    id uuid DEFAULT uuid_generate_v4() NOT NULL,
    name character varying(500) NOT NULL,
    theme character varying(500),
    document_id uuid,
    vote character varying(10),
    ptheme_id integer,
    seance_id uuid NOT NULL,
    created timestamp without time zone,
    modified timestamp without time zone,
    rank integer DEFAULT 0 NOT NULL,
    CONSTRAINT projets_vote_check CHECK (((vote)::text = ANY (ARRAY[('oui'::character varying)::text, ('non'::character varying)::text, ('nsp'::character varying)::text, ('abs'::character varying)::text])))
);


ALTER TABLE public.projets OWNER TO idelibre;

--
-- Name: TABLE projets; Type: COMMENT; Schema: public; Owner: idelibre
--

COMMENT ON TABLE projets IS 'Gestion des projets de délibérations';


--
-- Name: pthemes; Type: TABLE; Schema: public; Owner: idelibre; Tablespace: 
--

CREATE TABLE pthemes (
    id integer NOT NULL,
    name character varying(255) NOT NULL,
    parent_id integer,
    rght integer NOT NULL,
    lft integer NOT NULL,
    rank character varying(5)
);


ALTER TABLE public.pthemes OWNER TO idelibre;

--
-- Name: TABLE pthemes; Type: COMMENT; Schema: public; Owner: idelibre
--

COMMENT ON TABLE pthemes IS 'Gestion des themes de projets de délibération';


--
-- Name: pthemes_id_seq; Type: SEQUENCE; Schema: public; Owner: idelibre
--

CREATE SEQUENCE pthemes_id_seq
    START WITH 1
    INCREMENT BY 1
    NO MINVALUE
    NO MAXVALUE
    CACHE 1;


ALTER TABLE public.pthemes_id_seq OWNER TO idelibre;

--
-- Name: pthemes_id_seq; Type: SEQUENCE OWNED BY; Schema: public; Owner: idelibre
--

ALTER SEQUENCE pthemes_id_seq OWNED BY pthemes.id;


--
-- Name: seances; Type: TABLE; Schema: public; Owner: idelibre; Tablespace: 
--

CREATE TABLE seances (
    id uuid DEFAULT uuid_generate_v4() NOT NULL,
    name character varying(255) NOT NULL,
    date_seance timestamp without time zone NOT NULL,
    rev numeric DEFAULT 1 NOT NULL,
    created timestamp without time zone,
    modified timestamp without time zone,
    type_id uuid,
    document_id uuid NOT NULL,
    alias character varying(255) NOT NULL,
    archive boolean DEFAULT false,
    place character varying(128)
);


ALTER TABLE public.seances OWNER TO idelibre;

--
-- Name: TABLE seances; Type: COMMENT; Schema: public; Owner: idelibre
--

COMMENT ON TABLE seances IS 'Gestion des séances';


--
-- Name: types; Type: TABLE; Schema: public; Owner: idelibre; Tablespace: 
--

CREATE TABLE types (
    id uuid DEFAULT uuid_generate_v4() NOT NULL,
    name character varying(255) NOT NULL,
    created timestamp without time zone,
    modified timestamp without time zone
);


ALTER TABLE public.types OWNER TO idelibre;

--
-- Name: TABLE types; Type: COMMENT; Schema: public; Owner: idelibre
--

COMMENT ON TABLE types IS 'Gestion des types de séances';


--
-- Name: types_users; Type: TABLE; Schema: public; Owner: idelibre; Tablespace: 
--

CREATE TABLE types_users (
    id uuid DEFAULT uuid_generate_v4() NOT NULL,
    type_id uuid NOT NULL,
    user_id uuid NOT NULL,
    created timestamp without time zone,
    modified timestamp without time zone
);


ALTER TABLE public.types_users OWNER TO idelibre;

--
-- Name: TABLE types_users; Type: COMMENT; Schema: public; Owner: idelibre
--

COMMENT ON TABLE types_users IS 'Liaison entre les types de séances et les utilisateurs';


--
-- Name: users; Type: TABLE; Schema: public; Owner: idelibre; Tablespace: 
--

CREATE TABLE users (
    id uuid DEFAULT uuid_generate_v4() NOT NULL,
    firstname character varying(255) NOT NULL,
    lastname character varying(255) NOT NULL,
    username character varying(255) NOT NULL,
    password character varying(255) NOT NULL,
    last_login timestamp without time zone,
    group_id uuid NOT NULL,
    created timestamp without time zone,
    modified timestamp without time zone,
    active boolean DEFAULT true NOT NULL,
    last_logout timestamp without time zone,
    last_import timestamp without time zone,
    mail character varying(255),
    pwdmodified boolean DEFAULT false NOT NULL,
    rev integer,
    rev_date timestamp without time zone,
    seance_sync_date timestamp without time zone,
    groupepolitique_id integer,
    owner boolean DEFAULT true,
    naissance timestamp without time zone
);


ALTER TABLE public.users OWNER TO idelibre;

--
-- Name: TABLE users; Type: COMMENT; Schema: public; Owner: idelibre
--

COMMENT ON TABLE users IS 'Gestion des utilisateurs';


--
-- Name: id; Type: DEFAULT; Schema: public; Owner: idelibre
--

ALTER TABLE ONLY acos ALTER COLUMN id SET DEFAULT nextval('acos_id_seq'::regclass);


--
-- Name: id; Type: DEFAULT; Schema: public; Owner: postgres
--

ALTER TABLE ONLY annots_users ALTER COLUMN id SET DEFAULT nextval('annots_users_id_seq'::regclass);


--
-- Name: id; Type: DEFAULT; Schema: public; Owner: idelibre
--

ALTER TABLE ONLY aros ALTER COLUMN id SET DEFAULT nextval('aros_id_seq'::regclass);


--
-- Name: id; Type: DEFAULT; Schema: public; Owner: idelibre
--

ALTER TABLE ONLY aros_acos ALTER COLUMN id SET DEFAULT nextval('aros_acos_id_seq'::regclass);


--
-- Name: num; Type: DEFAULT; Schema: public; Owner: idelibre
--

ALTER TABLE ONLY deltarevisions ALTER COLUMN num SET DEFAULT nextval('deltarevisions_num_seq'::regclass);


--
-- Name: id; Type: DEFAULT; Schema: public; Owner: postgres
--

ALTER TABLE ONLY emailconvocations ALTER COLUMN id SET DEFAULT nextval('emailconvocations_id_seq'::regclass);


--
-- Name: id; Type: DEFAULT; Schema: public; Owner: postgres
--

ALTER TABLE ONLY groupepolitiques ALTER COLUMN id SET DEFAULT nextval('groupepolitiques_id_seq'::regclass);


--
-- Name: id; Type: DEFAULT; Schema: public; Owner: postgres
--

ALTER TABLE ONLY logacteurs ALTER COLUMN id SET DEFAULT nextval('logacteurs_id_seq'::regclass);


--
-- Name: id; Type: DEFAULT; Schema: public; Owner: idelibre
--

ALTER TABLE ONLY pthemes ALTER COLUMN id SET DEFAULT nextval('pthemes_id_seq'::regclass);


--
-- Data for Name: acos; Type: TABLE DATA; Schema: public; Owner: idelibre
--

COPY acos (id, parent_id, model, alias, lft, rght, foreign_key) FROM stdin;
58	47	\N	ldebugHr	113	114	\N
36	35	\N	index	69	70	\N
3	2	\N	getFile	3	4	\N
75	72	\N	setConn	147	148	\N
4	2	\N	setConn	5	6	\N
59	1	\N	ConvocationsController1	116	117	\N
37	35	\N	edit	71	72	\N
5	2	\N	processLogin	7	8	\N
6	2	\N	writeLoginConfig	9	10	\N
38	35	\N	saveSrvuser	73	74	\N
7	2	\N	writeUserConfig	11	12	\N
87	82	\N	setConn	171	172	\N
8	2	\N	writeLoginSession	13	14	\N
39	35	\N	addCollectivite	75	76	\N
9	2	\N	ldebug	15	16	\N
2	1	\N	Annexes	2	19	\N
10	2	\N	ldebugHr	17	18	\N
76	72	\N	processLogin	149	150	\N
40	35	\N	setConn	77	78	\N
12	11	\N	getData	21	22	\N
61	60	\N	save_annotations	119	120	\N
13	11	\N	setConn	23	24	\N
41	35	\N	processLogin	79	80	\N
14	11	\N	processLogin	25	26	\N
96	94	\N	setConn	189	190	\N
15	11	\N	writeLoginConfig	27	28	\N
42	35	\N	writeLoginConfig	81	82	\N
16	11	\N	writeUserConfig	29	30	\N
62	60	\N	getFile	121	122	\N
17	11	\N	writeLoginSession	31	32	\N
43	35	\N	writeUserConfig	83	84	\N
18	11	\N	ldebug	33	34	\N
11	1	\N	Clients	20	37	\N
19	11	\N	ldebugHr	35	36	\N
77	72	\N	writeLoginConfig	151	152	\N
20	1	\N	ClientsController.20152503	38	39	\N
44	35	\N	writeLoginSession	85	86	\N
21	1	\N	ClientsController20150408	40	41	\N
63	60	\N	getFileFromClient	123	124	\N
45	35	\N	ldebug	87	88	\N
23	22	\N	index	43	44	\N
24	22	\N	add	45	46	\N
35	1	\N	Confirmuser	68	91	\N
46	35	\N	ldebugHr	89	90	\N
25	22	\N	edit	47	48	\N
88	82	\N	processLogin	173	174	\N
26	22	\N	delete	49	50	\N
64	60	\N	getAnnotations	125	126	\N
27	22	\N	info	51	52	\N
28	22	\N	setConn	53	54	\N
48	47	\N	setRead	93	94	\N
29	22	\N	processLogin	55	56	\N
78	72	\N	writeUserConfig	153	154	\N
65	60	\N	setConn	127	128	\N
30	22	\N	writeLoginConfig	57	58	\N
49	47	\N	send	95	96	\N
31	22	\N	writeUserConfig	59	60	\N
32	22	\N	writeLoginSession	61	62	\N
50	47	\N	getHorodatageFile	97	98	\N
33	22	\N	ldebug	63	64	\N
102	94	\N	ldebugHr	201	202	\N
22	1	\N	Collectivites	42	67	\N
34	22	\N	ldebugHr	65	66	\N
66	60	\N	processLogin	129	130	\N
51	47	\N	getHorodatageToken	99	100	\N
79	72	\N	writeLoginSession	155	156	\N
67	60	\N	writeLoginConfig	131	132	\N
52	47	\N	setConn	101	102	\N
53	47	\N	processLogin	103	104	\N
89	82	\N	writeLoginConfig	175	176	\N
68	60	\N	writeUserConfig	133	134	\N
54	47	\N	writeLoginConfig	105	106	\N
55	47	\N	writeUserConfig	107	108	\N
80	72	\N	ldebug	157	158	\N
69	60	\N	writeLoginSession	135	136	\N
56	47	\N	writeLoginSession	109	110	\N
57	47	\N	ldebug	111	112	\N
97	94	\N	processLogin	191	192	\N
47	1	\N	Convocations	92	115	\N
72	1	\N	Emailconvocations	142	161	\N
70	60	\N	ldebug	137	138	\N
81	72	\N	ldebugHr	159	160	\N
60	1	\N	Documents	118	141	\N
71	60	\N	ldebugHr	139	140	\N
90	82	\N	writeUserConfig	177	178	\N
73	72	\N	index	143	144	\N
74	72	\N	edit	145	146	\N
113	103	\N	ldebug	223	224	\N
91	82	\N	writeLoginSession	179	180	\N
83	82	\N	index	163	164	\N
98	94	\N	writeLoginConfig	193	194	\N
84	82	\N	menu	165	166	\N
92	82	\N	ldebug	181	182	\N
85	82	\N	params	167	168	\N
86	82	\N	stats	169	170	\N
107	103	\N	delete	211	212	\N
99	94	\N	writeUserConfig	195	196	\N
82	1	\N	Environnements	162	185	\N
93	82	\N	ldebugHr	183	184	\N
104	103	\N	index	205	206	\N
100	94	\N	writeLoginSession	197	198	\N
95	94	\N	testxml	187	188	\N
110	103	\N	writeLoginConfig	217	218	\N
105	103	\N	add	207	208	\N
101	94	\N	ldebug	199	200	\N
108	103	\N	setConn	213	214	\N
94	1	\N	Essai	186	203	\N
117	115	\N	add	231	232	\N
106	103	\N	edit	209	210	\N
112	103	\N	writeLoginSession	221	222	\N
109	103	\N	processLogin	215	216	\N
103	1	\N	Groupepolitiques	204	227	\N
111	103	\N	writeUserConfig	219	220	\N
116	115	\N	index	229	230	\N
114	103	\N	ldebugHr	225	226	\N
118	115	\N	edit	233	234	\N
119	115	\N	delete	235	236	\N
120	115	\N	setConn	237	238	\N
121	115	\N	processLogin	239	240	\N
122	115	\N	writeLoginConfig	241	242	\N
123	115	\N	writeUserConfig	243	244	\N
124	115	\N	writeLoginSession	245	246	\N
125	115	\N	ldebug	247	248	\N
126	115	\N	ldebugHr	249	250	\N
128	127	\N	getFile	253	254	\N
115	1	\N	Groups	228	251	\N
129	127	\N	setConn	255	256	\N
127	1	\N	Imgpages	252	269	\N
130	127	\N	processLogin	257	258	\N
189	180	\N	suppression	375	376	\N
131	127	\N	writeLoginConfig	259	260	\N
157	1	\N	Pages	312	329	\N
132	127	\N	writeUserConfig	261	262	\N
165	157	\N	ldebugHr	327	328	\N
133	127	\N	writeLoginSession	263	264	\N
134	127	\N	ldebug	265	266	\N
135	127	\N	ldebugHr	267	268	\N
206	202	\N	searchByTheme	409	410	\N
190	180	\N	compareRank	377	378	\N
137	136	\N	view	271	272	\N
167	166	\N	index	331	332	\N
138	136	\N	setConn	273	274	\N
218	214	\N	delete	433	434	\N
139	136	\N	processLogin	275	276	\N
168	166	\N	add	333	334	\N
140	136	\N	writeLoginConfig	277	278	\N
191	180	\N	edition	379	380	\N
141	136	\N	writeUserConfig	279	280	\N
169	166	\N	edit	335	336	\N
142	136	\N	writeLoginSession	281	282	\N
207	202	\N	setConn	411	412	\N
143	136	\N	ldebug	283	284	\N
170	166	\N	delete	337	338	\N
136	1	\N	Logacteur	270	287	\N
144	136	\N	ldebugHr	285	286	\N
192	180	\N	sendConvocations	381	382	\N
171	166	\N	getList	339	340	\N
146	145	\N	index	289	290	\N
147	145	\N	start	291	292	\N
172	166	\N	rankit	341	342	\N
148	145	\N	stop	293	294	\N
232	226	\N	authorizedCollectiviteId	461	462	\N
149	145	\N	display	295	296	\N
193	180	\N	refreshSeance	383	384	\N
173	166	\N	setConn	343	344	\N
150	145	\N	setConn	297	298	\N
151	145	\N	processLogin	299	300	\N
208	202	\N	processLogin	413	414	\N
174	166	\N	processLogin	345	346	\N
152	145	\N	writeLoginConfig	301	302	\N
153	145	\N	writeUserConfig	303	304	\N
194	180	\N	archive	385	386	\N
175	166	\N	writeLoginConfig	347	348	\N
154	145	\N	writeLoginSession	305	306	\N
155	145	\N	ldebug	307	308	\N
219	214	\N	setConn	435	436	\N
145	1	\N	Monitor	288	311	\N
156	145	\N	ldebugHr	309	310	\N
176	166	\N	writeUserConfig	349	350	\N
195	180	\N	setConn	387	388	\N
158	157	\N	display	313	314	\N
177	166	\N	writeLoginSession	351	352	\N
159	157	\N	setConn	315	316	\N
209	202	\N	writeLoginConfig	415	416	\N
160	157	\N	processLogin	317	318	\N
178	166	\N	ldebug	353	354	\N
161	157	\N	writeLoginConfig	319	320	\N
166	1	\N	Pthemes	330	357	\N
162	157	\N	writeUserConfig	321	322	\N
179	166	\N	ldebugHr	355	356	\N
163	157	\N	writeLoginSession	323	324	\N
196	180	\N	processLogin	389	390	\N
164	157	\N	ldebug	325	326	\N
227	226	\N	index	451	452	\N
197	180	\N	writeLoginConfig	391	392	\N
181	180	\N	index	359	360	\N
210	202	\N	writeUserConfig	417	418	\N
182	180	\N	view	361	362	\N
198	180	\N	writeUserConfig	393	394	\N
183	180	\N	add	363	364	\N
220	214	\N	processLogin	437	438	\N
184	180	\N	edit	365	366	\N
199	180	\N	writeLoginSession	395	396	\N
185	180	\N	delete	367	368	\N
211	202	\N	writeLoginSession	419	420	\N
186	180	\N	ajout	369	370	\N
200	180	\N	ldebug	397	398	\N
187	180	\N	liste	371	372	\N
180	1	\N	Seances	358	401	\N
188	180	\N	details	373	374	\N
236	226	\N	editWalletManager	469	470	\N
212	202	\N	ldebug	421	422	\N
201	180	\N	ldebugHr	399	400	\N
221	214	\N	writeLoginConfig	439	440	\N
202	1	\N	Search	402	425	\N
213	202	\N	ldebugHr	423	424	\N
203	202	\N	index	403	404	\N
204	202	\N	searchByType	405	406	\N
205	202	\N	searchByDate	407	408	\N
228	226	\N	addAdminColl	453	454	\N
222	214	\N	writeUserConfig	441	442	\N
215	214	\N	index	427	428	\N
233	226	\N	toRemoveMandat	463	464	\N
223	214	\N	writeLoginSession	443	444	\N
216	214	\N	add	429	430	\N
217	214	\N	edit	431	432	\N
229	226	\N	add	455	456	\N
239	226	\N	get_proof	475	476	\N
224	214	\N	ldebug	445	446	\N
214	1	\N	Srvroles	426	449	\N
225	214	\N	ldebugHr	447	448	\N
234	226	\N	edit	465	466	\N
230	226	\N	listeMandat	457	458	\N
237	226	\N	editPortefeuilleMandat	471	472	\N
231	226	\N	authorizedCollectivite	459	460	\N
243	226	\N	mdplost	483	484	\N
235	226	\N	editSuperAdmin	467	468	\N
240	226	\N	login	477	478	\N
238	226	\N	delete	473	474	\N
242	226	\N	WSTellGlobalAuth	481	482	\N
247	226	\N	writeUserConfig	491	492	\N
241	226	\N	logout	479	480	\N
246	226	\N	writeLoginConfig	489	490	\N
244	226	\N	setConn	485	486	\N
245	226	\N	processLogin	487	488	\N
248	226	\N	writeLoginSession	493	494	\N
249	226	\N	ldebug	495	496	\N
250	226	\N	ldebugHr	497	498	\N
251	1	\N	SrvusersController1	500	501	\N
226	1	\N	Srvusers	450	499	\N
252	1	\N	SrvusersController2	502	503	\N
253	1	\N	SrvusersController3	504	505	\N
255	254	\N	index	507	508	\N
256	254	\N	add	509	510	\N
257	254	\N	edit	511	512	\N
258	254	\N	delete	513	514	\N
259	254	\N	users	515	516	\N
254	1	\N	Types	506	531	\N
294	289	\N	writeLoginConfig	584	585	\N
260	254	\N	setConn	517	518	\N
261	254	\N	processLogin	519	520	\N
262	254	\N	writeLoginConfig	521	522	\N
263	254	\N	writeUserConfig	523	524	\N
264	254	\N	writeLoginSession	525	526	\N
295	289	\N	writeUserConfig	586	587	\N
265	254	\N	ldebug	527	528	\N
266	254	\N	ldebugHr	529	530	\N
296	289	\N	writeLoginSession	588	589	\N
268	267	\N	index	533	534	\N
269	267	\N	confirm	535	536	\N
270	267	\N	addCollectivite	537	538	\N
297	289	\N	ldebug	590	591	\N
271	267	\N	removeCollectivite	539	540	\N
1	\N	\N	controllers	1	596	\N
288	1	\N	DebugKit	574	595	\N
272	267	\N	add	541	542	\N
289	288	\N	ToolbarAccess	575	594	\N
298	289	\N	ldebugHr	592	593	\N
273	267	\N	edit	543	544	\N
274	267	\N	delete	545	546	\N
275	267	\N	login	547	548	\N
276	267	\N	logout	549	550	\N
277	267	\N	mdplost	551	552	\N
278	267	\N	verif	553	554	\N
279	267	\N	setConn	555	556	\N
280	267	\N	processLogin	557	558	\N
281	267	\N	writeLoginConfig	559	560	\N
282	267	\N	writeUserConfig	561	562	\N
283	267	\N	writeLoginSession	563	564	\N
284	267	\N	ldebug	565	566	\N
267	1	\N	Users	532	569	\N
285	267	\N	ldebugHr	567	568	\N
286	1	\N	UsersController1	570	571	\N
287	1	\N	AclExtras	572	573	\N
290	289	\N	history_state	576	577	\N
291	289	\N	sql_explain	578	579	\N
292	289	\N	setConn	580	581	\N
293	289	\N	processLogin	582	583	\N
\.


--
-- Name: acos_id_seq; Type: SEQUENCE SET; Schema: public; Owner: idelibre
--

SELECT pg_catalog.setval('acos_id_seq', 298, true);


--
-- Data for Name: annexes; Type: TABLE DATA; Schema: public; Owner: idelibre
--

COPY annexes (id, name, size, type, content, created, modified, projet_id, checksum, rank) FROM stdin;
\.


--
-- Data for Name: annotactions; Type: TABLE DATA; Schema: public; Owner: idelibre
--

COPY annotactions (id, deltarevision_id, created, modified, type, annotation_id) FROM stdin;
\.


--
-- Data for Name: annotations; Type: TABLE DATA; Schema: public; Owner: idelibre
--

COPY annotations (id, annot_client_id, imgpage_id, content, created, modified, user_id, shared, rank, date, date_modif, height, width, x, y, comment) FROM stdin;
\.


--
-- Data for Name: annotations_users; Type: TABLE DATA; Schema: public; Owner: idelibre
--

COPY annotations_users (id, user_id, created, modified, annotation_id, read) FROM stdin;
\.


--
-- Data for Name: annots; Type: TABLE DATA; Schema: public; Owner: postgres
--

COPY annots (id, projet_id, liste_partage, json) FROM stdin;
\.


--
-- Data for Name: annots_users; Type: TABLE DATA; Schema: public; Owner: postgres
--

COPY annots_users (id, user_id, annot_id) FROM stdin;
\.


--
-- Name: annots_users_id_seq; Type: SEQUENCE SET; Schema: public; Owner: postgres
--

SELECT pg_catalog.setval('annots_users_id_seq', 1, false);


--
-- Data for Name: aros; Type: TABLE DATA; Schema: public; Owner: idelibre
--

COPY aros (id, parent_id, model, alias, lft, rght, foreign_key) FROM stdin;
1	\N	Group	Administrateurs	1	4	26b380d8-93b2-41e9-9f68-da98c55ccb30
2	\N	Group	Utilisateurs	5	6	9f803280-eb21-46b3-bcec-74ffc4d2aab8
3	\N	Group	Acteur	7	8	b2f7a7e4-4ab1-4d93-ac13-d7ca540b4c16
4	1	User	Administrateur	2	3	e64e47b6-9027-4d73-a49b-70fd2ee0475e
\.


--
-- Data for Name: aros_acos; Type: TABLE DATA; Schema: public; Owner: idelibre
--

COPY aros_acos (id, aro_id, aco_id, _create, _read, _update, _delete) FROM stdin;
1	1	27	1	1	1	1
2	1	82	1	1	1	1
3	1	50	1	1	1	1
4	1	51	1	1	1	1
5	1	115	1	1	1	1
6	1	166	1	1	1	1
7	1	254	1	1	1	1
8	1	267	1	1	1	1
9	1	72	1	1	1	1
10	1	35	1	1	1	1
11	1	103	1	1	1	1
12	1	136	1	1	1	1
13	2	82	1	1	1	1
14	2	186	1	1	1	1
15	2	187	1	1	1	1
16	2	188	1	1	1	1
17	2	191	1	1	1	1
18	2	189	1	1	1	1
19	2	192	1	1	1	1
20	2	47	1	1	1	1
21	2	11	1	1	1	1
22	2	272	1	1	1	1
23	2	166	1	1	1	1
24	2	254	1	1	1	1
25	2	62	1	1	1	1
26	2	128	1	1	1	1
27	2	3	1	1	1	1
28	2	202	1	1	1	1
29	2	194	1	1	1	1
30	3	82	1	1	1	1
31	3	180	1	1	1	1
32	3	47	1	1	1	1
33	3	62	1	1	1	1
34	3	64	1	1	1	1
35	3	128	1	1	1	1
36	3	3	1	1	1	1
37	3	11	1	1	1	1
\.


--
-- Name: aros_acos_id_seq; Type: SEQUENCE SET; Schema: public; Owner: idelibre
--

SELECT pg_catalog.setval('aros_acos_id_seq', 37, true);


--
-- Name: aros_id_seq; Type: SEQUENCE SET; Schema: public; Owner: idelibre
--

SELECT pg_catalog.setval('aros_id_seq', 4, true);


--
-- Data for Name: convocations; Type: TABLE DATA; Schema: public; Owner: idelibre
--

COPY convocations (id, seance_id, user_id, read, presence, delegation, procuration, created, modified, ar_horodatage, active, ar_horodatage_file, ar_horodatage_token, ar_received, ae_sent, ae_horodatage, ae_horodatage_file, ae_horodatage_token) FROM stdin;
\.


--
-- Data for Name: deltarevisions; Type: TABLE DATA; Schema: public; Owner: idelibre
--

COPY deltarevisions (id, num, delta, created, modified, user_id) FROM stdin;
\.


--
-- Name: deltarevisions_num_seq; Type: SEQUENCE SET; Schema: public; Owner: idelibre
--

SELECT pg_catalog.setval('deltarevisions_num_seq', 1, false);


--
-- Data for Name: documents; Type: TABLE DATA; Schema: public; Owner: idelibre
--

COPY documents (id, name, size, type, content, created, modified, checksum) FROM stdin;
\.


--
-- Data for Name: emailconvocations; Type: TABLE DATA; Schema: public; Owner: postgres
--

COPY emailconvocations (id, sujet, contenu) FROM stdin;
1	convocation pour la seance #typeseance# le #dateseance# à #heureseance#	#prenom# #nom#,\n\nvous avez reçu une convocation pour la seance #typeseance# le #dateseance# à #heureseance#.\nVeuillez vous connecter sur votre application i-delibRE pour en prendre connaissance.
\.


--
-- Name: emailconvocations_id_seq; Type: SEQUENCE SET; Schema: public; Owner: postgres
--

SELECT pg_catalog.setval('emailconvocations_id_seq', 1, true);


--
-- Data for Name: groupepolitiques; Type: TABLE DATA; Schema: public; Owner: postgres
--

COPY groupepolitiques (id, name) FROM stdin;
1	sans étiquette
\.


--
-- Name: groupepolitiques_id_seq; Type: SEQUENCE SET; Schema: public; Owner: postgres
--

SELECT pg_catalog.setval('groupepolitiques_id_seq', 1, true);


--
-- Data for Name: groups; Type: TABLE DATA; Schema: public; Owner: idelibre
--

COPY groups (id, name, created, modified, admin, inseance, superuser, baseuser) FROM stdin;
26b380d8-93b2-41e9-9f68-da98c55ccb30	Administrateurs	2013-02-11 11:21:45.788881	2013-06-13 17:19:10	t	f	f	f
9f803280-eb21-46b3-bcec-74ffc4d2aab8	Utilisateurs	2013-02-11 11:21:45.832553	2013-06-26 13:36:49	f	f	t	f
b2f7a7e4-4ab1-4d93-ac13-d7ca540b4c16	Acteur	2013-02-11 11:21:45.805519	2013-06-26 13:36:31	f	t	f	t
\.


--
-- Data for Name: imgpages; Type: TABLE DATA; Schema: public; Owner: idelibre
--

COPY imgpages (id, name, size, type, content, imgpagenum, document_id, created, modified, checksum) FROM stdin;
\.


--
-- Data for Name: logacteurs; Type: TABLE DATA; Schema: public; Owner: postgres
--

COPY logacteurs (id, user_id, created) FROM stdin;
\.


--
-- Name: logacteurs_id_seq; Type: SEQUENCE SET; Schema: public; Owner: postgres
--

SELECT pg_catalog.setval('logacteurs_id_seq', 1, false);


--
-- Data for Name: pdfdatas; Type: TABLE DATA; Schema: public; Owner: postgres
--

COPY pdfdatas (id, document_id, data, part) FROM stdin;
\.


--
-- Data for Name: projets; Type: TABLE DATA; Schema: public; Owner: idelibre
--

COPY projets (id, name, theme, document_id, vote, ptheme_id, seance_id, created, modified, rank) FROM stdin;
\.


--
-- Data for Name: pthemes; Type: TABLE DATA; Schema: public; Owner: idelibre
--

COPY pthemes (id, name, parent_id, rght, lft, rank) FROM stdin;
\.


--
-- Name: pthemes_id_seq; Type: SEQUENCE SET; Schema: public; Owner: idelibre
--

SELECT pg_catalog.setval('pthemes_id_seq', 1, true);


--
-- Data for Name: seances; Type: TABLE DATA; Schema: public; Owner: idelibre
--

COPY seances (id, name, date_seance, rev, created, modified, type_id, document_id, alias, archive, place) FROM stdin;
\.


--
-- Data for Name: types; Type: TABLE DATA; Schema: public; Owner: idelibre
--

COPY types (id, name, created, modified) FROM stdin;
\.


--
-- Data for Name: types_users; Type: TABLE DATA; Schema: public; Owner: idelibre
--

COPY types_users (id, type_id, user_id, created, modified) FROM stdin;
\.


--
-- Data for Name: users; Type: TABLE DATA; Schema: public; Owner: idelibre
--

COPY users (id, firstname, lastname, username, password, last_login, group_id, created, modified, active, last_logout, last_import, mail, pwdmodified, rev, rev_date, seance_sync_date, groupepolitique_id, owner, naissance) FROM stdin;
e64e47b6-9027-4d73-a49b-70fd2ee0475e	Administrateur	Administrateur	Administrateur	mot de pass non valide	\N	26b380d8-93b2-41e9-9f68-da98c55ccb30	2013-11-07 15:54:40.942895	2013-11-07 15:54:40.942895	t	\N	\N	\N	f	\N	\N	\N	\N	t	\N
\.


--
-- Name: acos_pkey; Type: CONSTRAINT; Schema: public; Owner: idelibre; Tablespace: 
--

ALTER TABLE ONLY acos
    ADD CONSTRAINT acos_pkey PRIMARY KEY (id);


--
-- Name: annexes_pkey; Type: CONSTRAINT; Schema: public; Owner: idelibre; Tablespace: 
--

ALTER TABLE ONLY annexes
    ADD CONSTRAINT annexes_pkey PRIMARY KEY (id);


--
-- Name: annotactions_pkey; Type: CONSTRAINT; Schema: public; Owner: idelibre; Tablespace: 
--

ALTER TABLE ONLY annotactions
    ADD CONSTRAINT annotactions_pkey PRIMARY KEY (id);


--
-- Name: annots_id_key; Type: CONSTRAINT; Schema: public; Owner: postgres; Tablespace: 
--

ALTER TABLE ONLY annots
    ADD CONSTRAINT annots_id_key UNIQUE (id);


--
-- Name: aros_acos_pkey; Type: CONSTRAINT; Schema: public; Owner: idelibre; Tablespace: 
--

ALTER TABLE ONLY aros_acos
    ADD CONSTRAINT aros_acos_pkey PRIMARY KEY (id);


--
-- Name: aros_pkey; Type: CONSTRAINT; Schema: public; Owner: idelibre; Tablespace: 
--

ALTER TABLE ONLY aros
    ADD CONSTRAINT aros_pkey PRIMARY KEY (id);


--
-- Name: convocations_pkey; Type: CONSTRAINT; Schema: public; Owner: idelibre; Tablespace: 
--

ALTER TABLE ONLY seances
    ADD CONSTRAINT convocations_pkey PRIMARY KEY (id);


--
-- Name: convocusers_pkey; Type: CONSTRAINT; Schema: public; Owner: idelibre; Tablespace: 
--

ALTER TABLE ONLY convocations
    ADD CONSTRAINT convocusers_pkey PRIMARY KEY (id);


--
-- Name: deltarevisions_pkey; Type: CONSTRAINT; Schema: public; Owner: idelibre; Tablespace: 
--

ALTER TABLE ONLY deltarevisions
    ADD CONSTRAINT deltarevisions_pkey PRIMARY KEY (id);


--
-- Name: documents_pkey; Type: CONSTRAINT; Schema: public; Owner: idelibre; Tablespace: 
--

ALTER TABLE ONLY documents
    ADD CONSTRAINT documents_pkey PRIMARY KEY (id);


--
-- Name: emailconvocations_pkey; Type: CONSTRAINT; Schema: public; Owner: postgres; Tablespace: 
--

ALTER TABLE ONLY emailconvocations
    ADD CONSTRAINT emailconvocations_pkey PRIMARY KEY (id);


--
-- Name: groupepolitiques_pkey; Type: CONSTRAINT; Schema: public; Owner: postgres; Tablespace: 
--

ALTER TABLE ONLY groupepolitiques
    ADD CONSTRAINT groupepolitiques_pkey PRIMARY KEY (id);


--
-- Name: groups_pkey; Type: CONSTRAINT; Schema: public; Owner: idelibre; Tablespace: 
--

ALTER TABLE ONLY groups
    ADD CONSTRAINT groups_pkey PRIMARY KEY (id);


--
-- Name: imgpages_pkey; Type: CONSTRAINT; Schema: public; Owner: idelibre; Tablespace: 
--

ALTER TABLE ONLY imgpages
    ADD CONSTRAINT imgpages_pkey PRIMARY KEY (id);


--
-- Name: logacteurs_pkey; Type: CONSTRAINT; Schema: public; Owner: postgres; Tablespace: 
--

ALTER TABLE ONLY logacteurs
    ADD CONSTRAINT logacteurs_pkey PRIMARY KEY (id);


--
-- Name: name_unique_idx; Type: CONSTRAINT; Schema: public; Owner: idelibre; Tablespace: 
--

ALTER TABLE ONLY groups
    ADD CONSTRAINT name_unique_idx UNIQUE (name);


--
-- Name: projets_pkey; Type: CONSTRAINT; Schema: public; Owner: idelibre; Tablespace: 
--

ALTER TABLE ONLY projets
    ADD CONSTRAINT projets_pkey PRIMARY KEY (id);


--
-- Name: pthemes_pkey; Type: CONSTRAINT; Schema: public; Owner: idelibre; Tablespace: 
--

ALTER TABLE ONLY pthemes
    ADD CONSTRAINT pthemes_pkey PRIMARY KEY (id);


--
-- Name: seances_alias_key; Type: CONSTRAINT; Schema: public; Owner: idelibre; Tablespace: 
--

ALTER TABLE ONLY seances
    ADD CONSTRAINT seances_alias_key UNIQUE (alias);


--
-- Name: types_name_unique_pkey; Type: CONSTRAINT; Schema: public; Owner: idelibre; Tablespace: 
--

ALTER TABLE ONLY types
    ADD CONSTRAINT types_name_unique_pkey UNIQUE (name);


--
-- Name: types_pkey; Type: CONSTRAINT; Schema: public; Owner: idelibre; Tablespace: 
--

ALTER TABLE ONLY types
    ADD CONSTRAINT types_pkey PRIMARY KEY (id);


--
-- Name: types_users_pkey; Type: CONSTRAINT; Schema: public; Owner: idelibre; Tablespace: 
--

ALTER TABLE ONLY types_users
    ADD CONSTRAINT types_users_pkey PRIMARY KEY (id);


--
-- Name: user_mail_unique_key; Type: CONSTRAINT; Schema: public; Owner: idelibre; Tablespace: 
--

ALTER TABLE ONLY users
    ADD CONSTRAINT user_mail_unique_key UNIQUE (mail);


--
-- Name: user_username_unique_key; Type: CONSTRAINT; Schema: public; Owner: idelibre; Tablespace: 
--

ALTER TABLE ONLY users
    ADD CONSTRAINT user_username_unique_key UNIQUE (username);


--
-- Name: users_pkey; Type: CONSTRAINT; Schema: public; Owner: idelibre; Tablespace: 
--

ALTER TABLE ONLY users
    ADD CONSTRAINT users_pkey PRIMARY KEY (id);


--
-- Name: aro_aco_key; Type: INDEX; Schema: public; Owner: idelibre; Tablespace: 
--

CREATE UNIQUE INDEX aro_aco_key ON aros_acos USING btree (aro_id, aco_id);


--
-- Name: annexes_projet_id_fkey; Type: FK CONSTRAINT; Schema: public; Owner: idelibre
--

ALTER TABLE ONLY annexes
    ADD CONSTRAINT annexes_projet_id_fkey FOREIGN KEY (projet_id) REFERENCES projets(id) ON UPDATE CASCADE ON DELETE SET NULL;


--
-- Name: annotactions_deltarevision_id_fkey; Type: FK CONSTRAINT; Schema: public; Owner: idelibre
--

ALTER TABLE ONLY annotactions
    ADD CONSTRAINT annotactions_deltarevision_id_fkey FOREIGN KEY (deltarevision_id) REFERENCES deltarevisions(id) ON UPDATE CASCADE ON DELETE CASCADE;


--
-- Name: annots_projet_id_fkey; Type: FK CONSTRAINT; Schema: public; Owner: postgres
--

ALTER TABLE ONLY annots
    ADD CONSTRAINT annots_projet_id_fkey FOREIGN KEY (projet_id) REFERENCES projets(id) ON DELETE CASCADE;


--
-- Name: annots_users_annot_id_fkey; Type: FK CONSTRAINT; Schema: public; Owner: postgres
--

ALTER TABLE ONLY annots_users
    ADD CONSTRAINT annots_users_annot_id_fkey FOREIGN KEY (annot_id) REFERENCES annots(id) ON DELETE CASCADE;


--
-- Name: annots_users_user_id_fkey; Type: FK CONSTRAINT; Schema: public; Owner: postgres
--

ALTER TABLE ONLY annots_users
    ADD CONSTRAINT annots_users_user_id_fkey FOREIGN KEY (user_id) REFERENCES users(id) ON DELETE CASCADE;


--
-- Name: convocations_type_id_fkey; Type: FK CONSTRAINT; Schema: public; Owner: idelibre
--

ALTER TABLE ONLY seances
    ADD CONSTRAINT convocations_type_id_fkey FOREIGN KEY (type_id) REFERENCES types(id) ON UPDATE CASCADE ON DELETE SET NULL;


--
-- Name: convocusers_convocation_id_fkey; Type: FK CONSTRAINT; Schema: public; Owner: idelibre
--

ALTER TABLE ONLY convocations
    ADD CONSTRAINT convocusers_convocation_id_fkey FOREIGN KEY (seance_id) REFERENCES seances(id) ON UPDATE CASCADE ON DELETE CASCADE;


--
-- Name: convocusers_user_id_fkey; Type: FK CONSTRAINT; Schema: public; Owner: idelibre
--

ALTER TABLE ONLY convocations
    ADD CONSTRAINT convocusers_user_id_fkey FOREIGN KEY (user_id) REFERENCES users(id) ON UPDATE CASCADE ON DELETE CASCADE;


--
-- Name: deltarevisions_user_id_fkey; Type: FK CONSTRAINT; Schema: public; Owner: idelibre
--

ALTER TABLE ONLY deltarevisions
    ADD CONSTRAINT deltarevisions_user_id_fkey FOREIGN KEY (user_id) REFERENCES users(id) ON UPDATE CASCADE ON DELETE CASCADE;


--
-- Name: imgpages_document_id_fkey; Type: FK CONSTRAINT; Schema: public; Owner: idelibre
--

ALTER TABLE ONLY imgpages
    ADD CONSTRAINT imgpages_document_id_fkey FOREIGN KEY (document_id) REFERENCES documents(id) ON UPDATE CASCADE ON DELETE CASCADE;


--
-- Name: logacteurs_user_id_fkey; Type: FK CONSTRAINT; Schema: public; Owner: postgres
--

ALTER TABLE ONLY logacteurs
    ADD CONSTRAINT logacteurs_user_id_fkey FOREIGN KEY (user_id) REFERENCES users(id);


--
-- Name: pdfdatas_document_id_fkey; Type: FK CONSTRAINT; Schema: public; Owner: postgres
--

ALTER TABLE ONLY pdfdatas
    ADD CONSTRAINT pdfdatas_document_id_fkey FOREIGN KEY (document_id) REFERENCES documents(id) ON DELETE CASCADE;


--
-- Name: projets_document_id_fkey; Type: FK CONSTRAINT; Schema: public; Owner: idelibre
--

ALTER TABLE ONLY projets
    ADD CONSTRAINT projets_document_id_fkey FOREIGN KEY (document_id) REFERENCES documents(id) ON UPDATE CASCADE ON DELETE SET NULL;


--
-- Name: projets_ptheme_id_fkey; Type: FK CONSTRAINT; Schema: public; Owner: idelibre
--

ALTER TABLE ONLY projets
    ADD CONSTRAINT projets_ptheme_id_fkey FOREIGN KEY (ptheme_id) REFERENCES pthemes(id) ON UPDATE CASCADE ON DELETE SET NULL;


--
-- Name: projets_seance_id_fkey; Type: FK CONSTRAINT; Schema: public; Owner: idelibre
--

ALTER TABLE ONLY projets
    ADD CONSTRAINT projets_seance_id_fkey FOREIGN KEY (seance_id) REFERENCES seances(id) ON UPDATE CASCADE ON DELETE CASCADE;


--
-- Name: seances_document_id_fkey; Type: FK CONSTRAINT; Schema: public; Owner: idelibre
--

ALTER TABLE ONLY seances
    ADD CONSTRAINT seances_document_id_fkey FOREIGN KEY (document_id) REFERENCES documents(id) ON UPDATE CASCADE ON DELETE CASCADE;


--
-- Name: types_users_type_id_fkey; Type: FK CONSTRAINT; Schema: public; Owner: idelibre
--

ALTER TABLE ONLY types_users
    ADD CONSTRAINT types_users_type_id_fkey FOREIGN KEY (type_id) REFERENCES types(id) ON UPDATE CASCADE ON DELETE CASCADE;


--
-- Name: types_users_user_id_fkey; Type: FK CONSTRAINT; Schema: public; Owner: idelibre
--

ALTER TABLE ONLY types_users
    ADD CONSTRAINT types_users_user_id_fkey FOREIGN KEY (user_id) REFERENCES users(id) ON UPDATE CASCADE ON DELETE CASCADE;


--
-- Name: users_group_id_fkey; Type: FK CONSTRAINT; Schema: public; Owner: idelibre
--

ALTER TABLE ONLY users
    ADD CONSTRAINT users_group_id_fkey FOREIGN KEY (group_id) REFERENCES groups(id) ON UPDATE CASCADE ON DELETE CASCADE;


--
-- Name: users_groupepolitique_id_fkey; Type: FK CONSTRAINT; Schema: public; Owner: idelibre
--

ALTER TABLE ONLY users
    ADD CONSTRAINT users_groupepolitique_id_fkey FOREIGN KEY (groupepolitique_id) REFERENCES groupepolitiques(id) ON DELETE SET NULL;


--
-- Name: public; Type: ACL; Schema: -; Owner: postgres
--

REVOKE ALL ON SCHEMA public FROM PUBLIC;
REVOKE ALL ON SCHEMA public FROM postgres;
GRANT ALL ON SCHEMA public TO postgres;
GRANT ALL ON SCHEMA public TO PUBLIC;


--
-- PostgreSQL database dump complete
--

